{"global_step": 49084, "_timestamp": 1682560550.5965126, "_runtime": 110.04806065559387, "_step": 575, "charts/episodic_return": -1.4200003147125244, "charts/episodic_length": 58.0, "charts/learning_rate": 0.0002901639381889254, "losses/value_loss": 1.5346136093139648, "losses/policy_loss": -0.0258515365421772, "losses/entropy": 1.4755281209945679, "losses/old_approx_kl": 0.02196531556546688, "losses/approx_kl": 0.00764139648526907, "losses/clipfrac": 0.09611816704273224, "losses/explained_variance": 0.3423003554344177, "charts/SPS": 442.0, "_wandb": {"runtime": 110}}