{"global_step": 86432, "_timestamp": 1681865925.9683847, "_runtime": 221.20889472961426, "_step": 2020, "charts/episodic_return": -1.6000001430511475, "charts/episodic_length": 40.0, "charts/learning_rate": 0.0002778688503894955, "losses/value_loss": 2.527498483657837, "losses/policy_loss": -0.010634247213602066, "losses/entropy": 1.4649275541305542, "losses/old_approx_kl": 0.004731723107397556, "losses/approx_kl": 0.0025764063466340303, "losses/clipfrac": 0.04714355617761612, "losses/explained_variance": 0.018323779106140137, "charts/SPS": 398.0, "_wandb": {"runtime": 220}}