{"global_step": 999424, "_timestamp": 1681864508.974518, "_runtime": 2598.163553953171, "_step": 19633, "charts/episodic_return": -1.4800002574920654, "charts/episodic_length": 52.0, "charts/learning_rate": 2.4590162865933962e-06, "losses/value_loss": 0.00013629697787109762, "losses/policy_loss": -0.003510028123855591, "losses/entropy": 1.1322433948516846, "losses/old_approx_kl": -0.0017497155349701643, "losses/approx_kl": 0.0005810006987303495, "losses/clipfrac": 6.103515625e-05, "losses/explained_variance": 0.9998272061347961, "charts/SPS": 385.0, "_wandb": {"runtime": 2597}}