{"global_step": 245588, "_timestamp": 1682560430.9031503, "_runtime": 617.1380894184113, "_step": 2387, "charts/episodic_return": -1.4200003147125244, "charts/episodic_length": 58.0, "charts/learning_rate": 0.00023114754003472626, "losses/value_loss": 1.1914528608322144, "losses/policy_loss": -0.01654347963631153, "losses/entropy": 1.5392388105392456, "losses/old_approx_kl": 0.02009688690304756, "losses/approx_kl": 0.012040851637721062, "losses/clipfrac": 0.08684082329273224, "losses/explained_variance": 0.4981718063354492, "charts/SPS": 397.0, "_wandb": {"runtime": 617}}