{"global_step": 1948, "_timestamp": 1681861721.9789205, "_runtime": 15.589651346206665, "_step": 41, "charts/episodic_return": -1.6000001430511475, "charts/episodic_length": 40.0, "_wandb": {"runtime": 15}}